type	DRC150
high	0.00186062
high	0.00192048
high	0.00132755
high	0.00127924
high	0.00187678
high	0.00122484
high	0.00187666
high	0.0026366
high	0.0017591
high	0.00172896
high	0.00184703
high	0.00199145
high	0.00124391
high	0.00245945
high	0.00249537
high	0.00116945
high	0.00209944
high	0.00134118
high	0.00130426
high	0.00123326
high	0.00114149
high	0.0013198
high	0.00145105
high	0.00136133
high	0.0023349
high	0.00119983
high	0.00319018
high	0.00328393
high	0.0037534
high	0.00375322
high	0.0036496
high	0.000993241
high	0.00173798
high	0.0017309
high	0.00396396
high	0.00194627
high	0.00147731
high	0.00197955
high	0.00321129
high	0.00530118
high	0.00319554
high	0.00117418
high	0.00248482
high	0.00178415
high	0.00206493
high	0.00172077
high	0.0018476
high	0.0010186
high	0.00135417
high	0.00196291
high	0.00123977
high	0.0014619
high	0.00191866
high	0.00258993
high	0.0026861
high	0.002725
high	0.00275268
high	0.00124322
high	0.00132358
high	0.001752
high	0.00181925
high	0.00199175
high	0.00208235
high	0.00220184
high	0.00156529
high	0.00114035
high	0.00543809
high	0.00162062
high	0.00169654
high	0.00170336
high	0.00166837
high	0.00239768
high	0.00156797
high	0.00149535
high	0.00262049
high	0.00161454
high	0.00171374
high	0.00186269
high	0.00103885
high	0.00300972
high	0.00134896
high	0.00144488
high	0.00226065
high	0.00200723
high	0.00259271
high	0.00146185
high	0.00176765
high	0.00120829
high	0.00466045
high	0.00313762
high	0.00159342
high	0.00116244
high	0.00166676
high	0.00188356
high	0.00232821
high	0.00239249
high	0.00262176
high	0.00262056
high	0.00350729
high	0.00584381
high	0.00642419
high	0.00677934
high	0.0072213
high	0.0072764
high	0.00718007
high	0.00849916
high	0.00945685
high	0.0103538
high	0.0119923
high	0.0218011
high	0.00944429
high	0.00494251
high	0.00235071
high	0.00236185
high	0.00249138
high	0.00235297
high	0.00149287
high	0.0020531
high	0.00178222
high	0.00266581
high	0.00236709
high	0.00230583
high	0.00144754
high	0.00132663
high	0.00105883
high	0.00201174
high	0.00131914
high	0.000977344
high	0.00305319
high	0.0026313
moderate	0.000897083
moderate	0.00168546
moderate	0.00162538
moderate	0.00145312
moderate	0.00162567
moderate	0.00215768
moderate	0.00224499
moderate	0.00238176
moderate	0.00258009
moderate	0.0023484
moderate	0.00204005
moderate	0.00160928
moderate	0.0013255
moderate	0.0016179
moderate	0.00155356
moderate	0.0027284
moderate	0.00258091
moderate	0.0012612
moderate	0.00218319
moderate	0.00133795
moderate	0.00231491
moderate	0.00136386
moderate	0.00131146
moderate	0.00204848
moderate	0.0028892
moderate	0.00233555
moderate	0.00162249
moderate	0.00170863
moderate	0.00114202
moderate	0.00138702
moderate	0.00192995
moderate	0.00183579
moderate	0.00193532
moderate	0.00168799
moderate	0.00248669
moderate	0.00197008
moderate	0.00147795
moderate	0.0018565
moderate	0.00178148
moderate	0.000885484
moderate	0.00125809
moderate	0.00196188
moderate	0.00171773
moderate	0.0017967
moderate	0.00181815
moderate	0.00191745
moderate	0.00201534
moderate	0.00170991
moderate	0.00146189
moderate	0.00142941
moderate	0.00127964
moderate	0.0009655
moderate	0.00156628
moderate	0.00142153
moderate	0.00210844
moderate	0.0017937
moderate	0.00121894
moderate	0.00169968
moderate	0.00205751
moderate	0.00258976
moderate	0.00176868
moderate	0.00187678
moderate	0.00183074
moderate	0.00186151
moderate	0.00187506
moderate	0.00170982
moderate	0.00153433
moderate	0.00105643
moderate	0.00146561
moderate	0.00184507
moderate	0.00181805
moderate	0.00187666
moderate	0.00182355
moderate	0.00224326
moderate	0.00292737
moderate	0.00296216
moderate	0.00228865
moderate	0.00196485
moderate	0.00195968
moderate	0.00131567
moderate	0.0018915
moderate	0.00131896
moderate	0.00129849
moderate	0.00127593
moderate	0.00145228
moderate	0.00172741
moderate	0.00171909
moderate	0.00175013
moderate	0.00159417
moderate	0.00158974
moderate	0.00135488
moderate	0.00134581
moderate	0.00133949
moderate	0.00188019
moderate	0.00136127
moderate	0.00123014
moderate	0.00212226
moderate	0.00272341
moderate	0.00122031
moderate	0.00152731
moderate	0.00185827
moderate	0.00205016
moderate	0.00187401
moderate	0.00196847
moderate	0.00196662
moderate	0.00197429
moderate	0.00167611
moderate	0.00134104
moderate	0.00216282
moderate	0.00184172
moderate	0.00101438
moderate	0.000924893
moderate	0.00162898
moderate	0.00162167
moderate	0.00175453
moderate	0.00247038
moderate	0.00266051
moderate	0.00186541
moderate	0.00281085
moderate	0.00283754
moderate	0.00182687
moderate	0.00158304
moderate	0.00174126
moderate	0.0022316
moderate	0.00265945
moderate	0.00233779
moderate	0.00181031
moderate	0.00189619
moderate	0.00204573
moderate	0.00196467
moderate	0.00208034
moderate	0.00210353
moderate	0.00276414
moderate	0.00290691
moderate	0.00268672
moderate	0.00242113
moderate	0.00244575
moderate	0.00255159
moderate	0.00266761
moderate	0.00166858
moderate	0.00183153
moderate	0.00207736
moderate	0.00145003
moderate	0.00157411
moderate	0.00124249
moderate	0.001328
moderate	0.00180755
moderate	0.00178871
moderate	0.00163154
moderate	0.00172471
moderate	0.00184394
moderate	0.00216571
moderate	0.00239123
moderate	0.00240959
moderate	0.00165036
moderate	0.00170752
moderate	0.0018509
moderate	0.00159917
moderate	0.00179195
moderate	0.00260874
moderate	0.002812
moderate	0.00282853
moderate	0.00292051
moderate	0.00274187
moderate	0.00251534
moderate	0.00245945
moderate	0.00169308
moderate	0.00145109
moderate	0.00139862
moderate	0.00114512
moderate	0.00197188
moderate	0.00166782
moderate	0.00244531
moderate	0.00179376
moderate	0.0017369
moderate	0.00118883
moderate	0.00168001
moderate	0.00110216
moderate	0.00621713
moderate	0.00134901
moderate	0.0014336
moderate	0.00107078
moderate	0.000983657
moderate	0.00134118
moderate	0.00119495
moderate	0.00120525
moderate	0.00153723
moderate	0.00173506
moderate	0.001006
moderate	0.00131872
moderate	0.00137862
moderate	0.00134197
moderate	0.00144925
moderate	0.00159699
moderate	0.00158454
moderate	0.00166461
moderate	0.00249828
moderate	0.00127859
moderate	0.0019586
moderate	0.00238784
moderate	0.00158661
moderate	0.00186172
moderate	0.000984813
moderate	0.00183837
moderate	0.00205453
moderate	0.00282937
moderate	0.00157685
moderate	0.00185543
moderate	0.00130426
moderate	0.00232941
moderate	0.00689143
moderate	0.00690034
moderate	0.00177648
moderate	0.00137644
moderate	0.0013319
moderate	0.00120521
moderate	0.00161044
moderate	0.00234896
moderate	0.00231916
moderate	0.0023273
moderate	0.00173328
moderate	0.00155358
moderate	0.0033996
moderate	0.00131857
moderate	0.00134569
moderate	0.00117024
moderate	0.000905023
moderate	0.00102411
moderate	0.00122013
moderate	0.000665846
moderate	0.00199258
moderate	0.00140206
moderate	0.00148474
moderate	0.00185893
moderate	0.00129511
moderate	0.00148101
moderate	0.00148252
moderate	0.00167214
moderate	0.00184122
moderate	0.00179557
moderate	0.00166902
moderate	0.00234545
moderate	0.00243396
moderate	0.00316871
moderate	0.00258363
moderate	0.00266507
moderate	0.00405835
moderate	0.00166532
moderate	0.00228167
moderate	0.00235922
moderate	0.00231149
moderate	0.00229422
moderate	0.00183391
moderate	0.00110073
moderate	0.00122493
moderate	0.00209648
moderate	0.00156835
moderate	0.00184184
moderate	0.00219838
moderate	0.00265959
moderate	0.00119983
moderate	0.0015651
moderate	0.00192082
moderate	0.00101456
moderate	0.00164452
moderate	0.00308993
moderate	0.00386441
moderate	0.00375322
moderate	0.00365003
moderate	0.00344102
moderate	0.00197542
moderate	0.00131911
moderate	0.00270514
moderate	0.00280552
moderate	0.00227682
moderate	0.00204763
moderate	0.00271774
moderate	0.00303279
moderate	0.00261554
moderate	0.002958
moderate	0.00140537
moderate	0.00156448
moderate	0.00184202
moderate	0.00128951
moderate	0.000926866
moderate	0.00129024
moderate	0.0015109
moderate	0.00149383
moderate	0.00156678
moderate	0.00197544
moderate	0.00190342
moderate	0.00113003
moderate	0.00124775
moderate	0.00192454
moderate	0.00242264
moderate	0.00248518
moderate	0.00219519
moderate	0.00215197
moderate	0.00127599
moderate	0.0012406
moderate	0.00191833
moderate	0.00170825
moderate	0.0015724
moderate	0.00177419
moderate	0.00154922
moderate	0.00171986
moderate	0.00157095
moderate	0.00224231
moderate	0.001579
moderate	0.00217536
moderate	0.00117531
moderate	0.00164676
moderate	0.00118819
moderate	0.00106336
moderate	0.000892747
moderate	0.000850715
moderate	0.00173798
moderate	0.00108497
moderate	0.00163206
moderate	0.001541
moderate	0.0019349
moderate	0.00229832
moderate	0.00212854
moderate	0.00113168
moderate	0.000983735
moderate	0.00103989
moderate	0.00112994
moderate	0.00143834
moderate	0.00164386
moderate	0.00182424
moderate	0.00200079
moderate	0.00084586
moderate	0.00156584
moderate	0.00175743
moderate	0.00539622
moderate	0.00146851
moderate	0.00434331
moderate	0.00401506
moderate	0.00261663
moderate	0.000911184
moderate	0.00195211
moderate	0.00176257
moderate	0.00124718
moderate	0.00204786
moderate	0.00134225
moderate	0.00142644
moderate	0.00163262
moderate	0.00143935
moderate	0.00191367
moderate	0.00193231
moderate	0.00172256
moderate	0.00188416
moderate	0.00197309
moderate	0.00120203
moderate	0.00131174
moderate	0.00129495
moderate	0.00138228
moderate	0.00129958
moderate	0.00175984
moderate	0.00180101
moderate	0.0020731
moderate	0.00214127
moderate	0.00233001
moderate	0.00278199
moderate	0.00156893
moderate	0.00199702
moderate	0.00271721
moderate	0.00173481
moderate	0.001448
moderate	0.00126455
moderate	0.00178347
moderate	0.00219818
moderate	0.00313057
moderate	0.00120926
moderate	0.0014978
moderate	0.00177123
moderate	0.00120069
moderate	0.00136728
moderate	0.00125911
moderate	0.00129509
moderate	0.00171433
moderate	0.00286591
moderate	0.00173326
moderate	0.00138466
moderate	0.00109908
moderate	0.000602493
moderate	0.00246499
moderate	0.00195484
moderate	0.000964801
moderate	0.00208327
moderate	0.00146363
moderate	0.00129637
moderate	0.00144577
moderate	0.00140806
moderate	0.00194627
moderate	0.00188673
moderate	0.00223057
moderate	0.00240676
moderate	0.00147834
moderate	0.00155877
moderate	0.00195855
moderate	0.00359487
moderate	0.00337115
moderate	0.00231039
moderate	0.00166043
moderate	0.00134814
moderate	0.00178417
moderate	0.00177546
moderate	0.00310259
moderate	0.00413728
moderate	0.00505639
moderate	0.00528185
moderate	0.00160535
moderate	0.00167712
moderate	0.00099519
moderate	0.00196961
moderate	0.00175346
moderate	0.00319678
moderate	0.00381237
moderate	0.00198648
moderate	0.00147731
moderate	0.00186008
moderate	0.0026301
moderate	0.00255338
moderate	0.00240326
moderate	0.00105262
moderate	0.00211158
moderate	0.00184628
moderate	0.00199922
moderate	0.00207812
moderate	0.00142357
moderate	0.00315076
moderate	0.00248301
moderate	0.00321129
moderate	0.005307
moderate	0.00521448
moderate	0.00530118
moderate	0.00499784
moderate	0.00348748
moderate	0.00399025
moderate	0.00376028
moderate	0.00275572
moderate	0.00196326
moderate	0.0014826
moderate	0.00103891
moderate	0.00162968
moderate	0.00227645
moderate	0.00128684
moderate	0.00157002
moderate	0.00111423
moderate	0.00112084
moderate	0.00172681
moderate	0.00230562
moderate	0.00160776
moderate	0.00168121
moderate	0.00185989
moderate	0.00154022
moderate	0.00142017
moderate	0.00155016
moderate	0.00103872
moderate	0.001402
moderate	0.00133764
moderate	0.00119586
moderate	0.00154187
moderate	0.00187754
moderate	0.00159544
moderate	0.00252455
moderate	0.00246586
moderate	0.00207528
moderate	0.00204704
moderate	0.00198866
moderate	0.00190182
moderate	0.00191653
moderate	0.00117282
moderate	0.00219303
moderate	0.0012774
moderate	0.00275429
moderate	0.0014955
moderate	0.00145069
moderate	0.00231528
moderate	0.002247
moderate	0.00206493
moderate	0.00148643
moderate	0.00143734
moderate	0.00221858
moderate	0.00173007
moderate	0.00177151
moderate	0.0016486
moderate	0.00225746
moderate	0.00242525
moderate	0.00134044
moderate	0.00155963
moderate	0.00116317
moderate	0.0015004
moderate	0.00161096
moderate	0.00151995
moderate	0.00122606
moderate	0.000892969
moderate	0.0013594
moderate	0.000660234
moderate	0.00151347
moderate	0.00196897
moderate	0.001358
moderate	0.00146699
moderate	0.00181356
moderate	0.00170489
moderate	0.00112028
moderate	0.00123977
moderate	0.0014619
moderate	0.00191866
moderate	0.00273914
moderate	0.002725
moderate	0.00275268
moderate	0.00132358
moderate	0.001752
moderate	0.00134687
moderate	0.00310115
moderate	0.00201569
moderate	0.00204093
moderate	0.00192268
moderate	0.00139337
moderate	0.00189505
moderate	0.00269826
moderate	0.00120958
moderate	0.00211124
moderate	0.0022418
moderate	0.00168436
moderate	0.0010722
moderate	0.00233793
moderate	0.00167073
moderate	0.00167931
moderate	0.00165053
moderate	0.00153593
moderate	0.00163682
moderate	0.00162082
moderate	0.00169903
moderate	0.0018054
moderate	0.00180827
moderate	0.00133339
moderate	0.00192373
moderate	0.00164477
moderate	0.00194192
moderate	0.00202951
moderate	0.00236428
moderate	0.00282603
moderate	0.0032304
moderate	0.00185103
moderate	0.00200756
moderate	0.00204904
moderate	0.00198056
moderate	0.00195834
moderate	0.00213127
moderate	0.00133993
moderate	0.00120154
moderate	0.00156824
moderate	0.00195202
moderate	0.00199175
moderate	0.00158612
moderate	0.00229481
moderate	0.00214814
moderate	0.00208235
moderate	0.00237255
moderate	0.00202221
moderate	0.00181568
moderate	0.00210138
moderate	0.00176807
moderate	0.00153476
moderate	0.00155919
moderate	0.00140419
moderate	0.00119499
moderate	0.00174982
moderate	0.00161827
moderate	0.00168821
moderate	0.00120674
moderate	0.00209277
moderate	0.00189619
moderate	0.00279258
moderate	0.00153374
moderate	0.00157573
moderate	0.00148952
moderate	0.00151991
moderate	0.00149927
moderate	0.023362
moderate	0.0193153
moderate	0.0184941
moderate	0.0017471
moderate	0.00139165
moderate	0.00144866
moderate	0.00165169
moderate	0.00173069
moderate	0.00176469
moderate	0.00171579
moderate	0.00168385
moderate	0.00246964
moderate	0.00309172
moderate	0.00543809
moderate	0.00116903
moderate	0.00107342
moderate	0.00148621
moderate	0.00157622
moderate	0.00162374
moderate	0.00164278
moderate	0.00171185
moderate	0.00152412
moderate	0.00139369
moderate	0.00171796
moderate	0.00149151
moderate	0.00199078
moderate	0.00140035
moderate	0.00152979
moderate	0.00167804
moderate	0.00138344
moderate	0.00232886
moderate	0.00170336
moderate	0.00226614
moderate	0.00277344
moderate	0.00155589
moderate	0.00107679
moderate	0.00244246
moderate	0.00187765
moderate	0.00220039
moderate	0.00312296
moderate	0.00287673
moderate	0.00273263
moderate	0.00263092
moderate	0.00250211
moderate	0.00252533
moderate	0.00254074
moderate	0.00180102
moderate	0.00186835
moderate	0.00161221
moderate	0.00164902
moderate	0.00231557
moderate	0.00148316
moderate	0.00151536
moderate	0.00106333
moderate	0.00188151
moderate	0.00164081
moderate	0.00243036
moderate	0.00144865
moderate	0.0025906
moderate	0.00283009
moderate	0.00284106
moderate	0.00270356
moderate	0.00286873
moderate	0.0023963
moderate	0.00167797
moderate	0.00127514
moderate	0.00153151
moderate	0.0013748
moderate	0.00256647
moderate	0.00255433
moderate	0.00217821
moderate	0.00304169
moderate	0.000915491
moderate	0.00115037
moderate	0.00161454
moderate	0.00184105
moderate	0.00186221
moderate	0.00181925
moderate	0.00110189
moderate	0.00149523
moderate	0.00101658
moderate	0.00133303
moderate	0.00171374
moderate	0.00194684
moderate	0.00115718
moderate	0.00193059
moderate	0.0017527
moderate	0.00164804
moderate	0.00168625
moderate	0.00106325
moderate	0.000967356
moderate	0.00117888
moderate	0.00113944
moderate	0.00194228
moderate	0.00157862
moderate	0.00143127
moderate	0.001454
moderate	0.00162584
moderate	0.00152203
moderate	0.00192988
moderate	0.00235932
moderate	0.00205784
moderate	0.0020011
moderate	0.00129872
moderate	0.00166771
moderate	0.00131342
moderate	0.00150461
moderate	0.00360841
moderate	0.0038962
moderate	0.00326357
moderate	0.0031638
moderate	0.00258038
moderate	0.00197989
moderate	0.00179884
moderate	0.00197495
moderate	0.00160248
moderate	0.00129868
moderate	0.00193647
moderate	0.00183346
moderate	0.00252357
moderate	0.00237417
moderate	0.00193556
moderate	0.00229858
moderate	0.00201643
moderate	0.00175603
moderate	0.00164166
moderate	0.00165463
moderate	0.00175232
moderate	0.001745
moderate	0.00128545
moderate	0.00139896
moderate	0.00168846
moderate	0.00256122
moderate	0.00236635
moderate	0.00171147
moderate	0.00178238
moderate	0.0020489
moderate	0.00186269
moderate	0.00176841
moderate	0.00146
moderate	0.00114006
moderate	0.00174764
moderate	0.00117327
moderate	0.00335135
moderate	0.00271066
moderate	0.00147558
moderate	0.00153499
moderate	0.00150442
moderate	0.00142981
moderate	0.00151822
moderate	0.00154639
moderate	0.00157289
moderate	0.00181075
moderate	0.00176476
moderate	0.00123541
moderate	0.00356522
moderate	0.0106099
moderate	0.0020316
moderate	0.00133378
moderate	0.00175254
moderate	0.00144488
moderate	0.00117952
moderate	0.00150305
moderate	0.00108051
moderate	0.00125859
moderate	0.00111183
moderate	0.00121847
moderate	0.00155195
moderate	0.00145816
moderate	0.00240777
moderate	0.00252705
moderate	0.00336013
moderate	0.00134148
moderate	0.00221396
moderate	0.00149835
moderate	0.00105733
moderate	0.00119144
moderate	0.00194471
moderate	0.00201557
moderate	0.00200723
moderate	0.00196414
moderate	0.00206381
moderate	0.00213144
moderate	0.00213427
moderate	0.00176853
moderate	0.00167579
moderate	0.00182096
moderate	0.00111668
moderate	0.00194332
moderate	0.00259271
moderate	0.00183776
moderate	0.000943265
moderate	0.00160512
moderate	0.00129484
moderate	0.00140898
moderate	0.00165771
moderate	0.00101912
moderate	0.000809523
moderate	0.00171974
moderate	0.00191274
moderate	0.00146185
moderate	0.000949694
moderate	0.00205024
moderate	0.00229757
moderate	0.00226517
moderate	0.00295364
moderate	0.00205582
moderate	0.0015614
moderate	0.00137065
moderate	0.00112612
moderate	0.00127438
moderate	0.00222981
moderate	0.00255894
moderate	0.00239672
moderate	0.00135311
moderate	0.00157038
moderate	0.0016515
moderate	0.00122244
moderate	0.00171913
moderate	0.00158039
moderate	0.00130652
moderate	0.0016864
moderate	0.00127467
moderate	0.00123039
moderate	0.00409512
moderate	0.00465131
moderate	0.00473755
moderate	0.00413758
moderate	0.00313762
moderate	0.00167755
moderate	0.0019274
moderate	0.00197063
moderate	0.000867088
moderate	0.0010468
moderate	0.00218035
moderate	0.00212391
moderate	0.00218418
moderate	0.00182164
moderate	0.00151271
moderate	0.00134232
moderate	0.00141687
moderate	0.00133373
moderate	0.00185541
moderate	0.00206696
moderate	0.00220806
moderate	0.00188809
moderate	0.00119125
moderate	0.00154431
moderate	0.00159342
moderate	0.00188411
moderate	0.00134316
moderate	0.00157113
moderate	0.00149887
moderate	0.00177501
moderate	0.00138533
moderate	0.00176582
moderate	0.00193457
moderate	0.00180388
moderate	0.0016555
moderate	0.00146412
moderate	0.00268423
moderate	0.00264372
moderate	0.00244021
moderate	0.00166676
moderate	0.0019968
moderate	0.00222316
moderate	0.00269739
moderate	0.00259434
moderate	0.00262176
moderate	0.00262056
moderate	0.00945685
moderate	0.0119923
moderate	0.0218011
moderate	0.00225229
moderate	0.0024135
moderate	0.00245809
moderate	0.00236537
moderate	0.00245511
moderate	0.00249138
moderate	0.00235297
moderate	0.00206371
moderate	0.00176822
moderate	0.00178219
moderate	0.00168871
moderate	0.00140045
moderate	0.0024746
moderate	0.00152333
moderate	0.00256117
moderate	0.00148605
moderate	0.0015602
moderate	0.00194776
moderate	0.0020944
moderate	0.00210425
moderate	0.00209615
moderate	0.00225063
moderate	0.00225162
moderate	0.00232403
moderate	0.00221075
moderate	0.000952988
moderate	0.002608
moderate	0.00142819
moderate	0.00213377
moderate	0.00110205
moderate	0.00129434
moderate	0.00194867
moderate	0.00162008
moderate	0.00218418
moderate	0.0017588
moderate	0.00204567
moderate	0.00206875
moderate	0.00195649
moderate	0.00191857
moderate	0.0020309
moderate	0.000943546
moderate	0.00108563
moderate	0.0011757
moderate	0.00159591
moderate	0.00163892
moderate	0.0016683
moderate	0.00193101
moderate	0.00092751
moderate	0.000893109
moderate	0.00121117
moderate	0.00170072
moderate	0.00132094
moderate	0.00131063
moderate	0.0011491
moderate	0.00175077
moderate	0.00175639
moderate	0.00177456
moderate	0.00212579
moderate	0.00205122
moderate	0.0020531
moderate	0.00146377
moderate	0.00320656
moderate	0.00299222
moderate	0.00193639
moderate	0.00148458
moderate	0.00172689
moderate	0.00240647
moderate	0.00259378
moderate	0.00234354
moderate	0.00228733
moderate	0.00176151
moderate	0.00195819
moderate	0.00228963
moderate	0.00175514
moderate	0.00175177
moderate	0.00102303
moderate	0.00115013
moderate	0.00110911
moderate	0.00219925
moderate	0.00259483
moderate	0.00292714
moderate	0.00253798
moderate	0.00252356
moderate	0.00233104
moderate	0.00153867
moderate	0.00154428
moderate	0.00148776
moderate	0.00146832
moderate	0.00134868
moderate	0.00127395
moderate	0.00125156
moderate	0.0020685
moderate	0.0026986
moderate	0.00273504
moderate	0.00267262
moderate	0.00235336
moderate	0.00147447
moderate	0.00230583
moderate	0.00178381
moderate	0.00219641
moderate	0.00189389
moderate	0.00202241
moderate	0.0017583
moderate	0.00145555
moderate	0.00169321
moderate	0.00173696
moderate	0.00180383
moderate	0.00134087
moderate	0.00132327
moderate	0.00134335
moderate	0.00123069
moderate	0.00179419
moderate	0.00145261
moderate	0.00187264
moderate	0.00201218
moderate	0.00229913
moderate	0.00290778
moderate	0.00188058
moderate	0.0017915
moderate	0.00120936
moderate	0.00169146
moderate	0.00134811
moderate	0.00103049
moderate	0.00169733
moderate	0.00143852
moderate	0.00108388
moderate	0.00133136
moderate	0.00123042
moderate	0.000682024
moderate	0.00127815
moderate	0.00159685
moderate	0.00143647
moderate	0.0014108
moderate	0.0017669
moderate	0.00308479
moderate	0.00307037
moderate	0.00167252
moderate	0.00218738
moderate	0.00216885
moderate	0.00159737
moderate	0.00241984
moderate	0.00134523
moderate	0.00150874
moderate	0.00382658
moderate	0.00093924
moderate	0.00209533
moderate	0.00175912
moderate	0.00231671
moderate	0.00176155
moderate	0.00132795
moderate	0.00176817
moderate	0.0017043
moderate	0.00148506
moderate	0.00148807
moderate	0.00164725
moderate	0.00129031
moderate	0.00148038
moderate	0.00102583
moderate	0.001535
moderate	0.00202186
moderate	0.00156502
moderate	0.00137691
moderate	0.00213107
moderate	0.00178087
moderate	0.00250263
moderate	0.00183728
moderate	0.00155187
moderate	0.00166815
moderate	0.00140235
moderate	0.00163931
moderate	0.00154657
moderate	0.00214676
moderate	0.00140036
moderate	0.00160005
moderate	0.00105883
moderate	0.00119289
moderate	0.00163417
moderate	0.0013013
moderate	0.00132949
moderate	0.00174674
moderate	0.00201174
moderate	0.00119637
moderate	0.00175615
moderate	0.00189254
moderate	0.00182481
moderate	0.00172581
moderate	0.00180525
moderate	0.0015454
moderate	0.00108402
moderate	0.00160261
moderate	0.0015728
moderate	0.00177528
moderate	0.0016971
moderate	0.00100296
moderate	0.000990601
moderate	0.000947879
moderate	0.000935431
moderate	0.00181682
moderate	0.00166535
moderate	0.00161331
moderate	0.00145017
moderate	0.000818402
moderate	0.00117781
moderate	0.00138673
moderate	0.00110829
moderate	0.0015877
moderate	0.00159548
moderate	0.00222614
moderate	0.00134835
moderate	0.00305319
moderate	0.0026806
moderate	0.0026313
moderate	0.00224365
moderate	0.000301045
none	0.000897083
none	0.000938321
none	0.00158708
none	0.00221829
none	0.0017991
none	0.00168546
none	0.00162538
none	0.00162567
none	0.00266465
none	0.00206595
none	0.00208926
none	0.00172648
none	0.00125165
none	0.00163646
none	0.00167875
none	0.00171511
none	0.00215768
none	0.0022456
none	0.00238176
none	0.0023039
none	0.0013607
none	0.00163083
none	0.00291782
none	0.00281712
none	0.00175348
none	0.0023484
none	0.00248447
none	0.00256413
none	0.00248499
none	0.00240235
none	0.00147739
none	0.00238427
none	0.00204005
none	0.00178387
none	0.00187128
none	0.00201484
none	0.00207633
none	0.00154716
none	0.00153709
none	0.00204364
none	0.00144952
none	0.0016179
none	0.00169297
none	0.00129149
none	0.00123689
none	0.00134447
none	0.0016215
none	0.00180586
none	0.0017246
none	0.0023835
none	0.00195879
none	0.00179062
none	0.00219198
none	0.0027284
none	0.00190507
none	0.00132981
none	0.00169143
none	0.00106858
none	0.00161934
none	0.00102569
none	0.00124726
none	0.001341
none	0.00174431
none	0.00186872
none	0.00098976
none	0.00250804
none	0.00203938
none	0.00175051
none	0.00151963
none	0.00148168
none	0.00131454
none	0.00154376
none	0.00168036
none	0.00185657
none	0.00194637
none	0.00237003
none	0.00193162
none	0.00195133
none	0.00226433
none	0.00258412
none	0.00243193
none	0.00231125
none	0.00151673
none	0.001572
none	0.00136386
none	0.00126414
none	0.00117493
none	0.00115687
none	0.00119243
none	0.00123371
none	0.001528
none	0.00192921
none	0.00166635
none	0.00163229
none	0.0028892
none	0.00233555
none	0.00204499
none	0.00191057
none	0.00200324
none	0.00119634
none	0.0013163
none	0.00163079
none	0.00162179
none	0.00157513
none	0.00133397
none	0.00144188
none	0.00100496
none	0.00158025
none	0.00179608
none	0.00191323
none	0.00166875
none	0.00158302
none	0.00163172
none	0.00213529
none	0.00138702
none	0.00195224
none	0.00192995
none	0.00262789
none	0.0026179
none	0.00275903
none	0.0027605
none	0.00263349
none	0.00258491
none	0.00210376
none	0.0024246
none	0.00244659
none	0.0019366
none	0.00145183
none	0.00124624
none	0.00127464
none	0.00157266
none	0.00184514
none	0.00190331
none	0.00161228
none	0.00170667
none	0.00179959
none	0.00249182
none	0.00242479
none	0.00107277
none	0.000973978
none	0.00216932
none	0.00236179
none	0.00248669
none	0.00317995
none	0.00182134
none	0.00168433
none	0.00190125
none	0.00204463
none	0.00219712
none	0.00213831
none	0.00099617
none	0.00158211
none	0.00160383
none	0.0013837
none	0.00176563
none	0.00186586
none	0.00165116
none	0.00173324
none	0.00173182
none	0.00164971
none	0.00157248
none	0.00196188
none	0.00181156
none	0.00131645
none	0.00183742
none	0.00151673
none	0.00181815
none	0.00192671
none	0.00170991
none	0.00142941
none	0.00125835
none	0.00127924
none	0.00125551
none	0.000921427
none	0.00113899
none	0.00151818
none	0.00161942
none	0.0014641
none	0.00167576
none	0.00181056
none	0.00209982
none	0.002137
none	0.00226697
none	0.00235336
none	0.00232427
none	0.00224877
none	0.00205723
none	0.00203531
none	0.00198831
none	0.0016913
none	0.00156628
none	0.00144164
none	0.001468
none	0.00182464
none	0.00210844
none	0.00190122
none	0.0016927
none	0.00087546
none	0.00172621
none	0.00124368
none	0.00137884
none	0.0015689
none	0.00162842
none	0.00169968
none	0.00177319
none	0.00216655
none	0.00230262
none	0.00247041
none	0.00266989
none	0.00273573
none	0.00182785
none	0.00139289
none	0.00166972
none	0.00179127
none	0.00174928
none	0.00176868
none	0.00187678
none	0.00183074
none	0.0017986
none	0.00187506
none	0.00172121
none	0.00170982
none	0.00160551
none	0.00186969
none	0.00188944
none	0.00132894
none	0.00127641
none	0.00122484
none	0.00108106
none	0.00153433
none	0.00114311
none	0.00112737
none	0.00113823
none	0.00125239
none	0.00103846
none	0.00174403
none	0.00185333
none	0.00194835
none	0.000809177
none	0.00127451
none	0.0015844
none	0.00176457
none	0.00184507
none	0.00187666
none	0.00173325
none	0.00233458
none	0.00299539
none	0.00228865
none	0.00207433
none	0.00208665
none	0.001311
none	0.00139515
none	0.00144518
none	0.0015515
none	0.00196704
none	0.00162577
none	0.00165978
none	0.0019964
none	0.001971
none	0.00195968
none	0.00175146
none	0.00181066
none	0.00147761
none	0.00125279
none	0.00141588
none	0.0012985
none	0.00127855
none	0.00137146
none	0.00164391
none	0.00149818
none	0.00206063
none	0.00195446
none	0.00139575
none	0.00131552
none	0.00127593
none	0.00156951
none	0.00172741
none	0.00175013
none	0.00159417
none	0.00158974
none	0.00134304
none	0.00134581
none	0.00168862
none	0.00193209
none	0.00202582
none	0.0014266
none	0.00162228
none	0.00114603
none	0.00124028
none	0.00109864
none	0.00170793
none	0.00192745
none	0.00194623
none	0.00191025
none	0.00312915
none	0.00208973
none	0.00208896
none	0.00150559
none	0.00228611
none	0.00279753
none	0.00278047
none	0.00268531
none	0.00267855
none	0.00156804
none	0.00208634
none	0.00203341
none	0.00266797
none	0.00169985
none	0.00164331
none	0.00164087
none	0.0014478
none	0.00129004
none	0.00168374
none	0.00166496
none	0.00116816
none	0.00115318
none	0.00115386
none	0.0017856
none	0.00208228
none	0.00205016
none	0.00197429
none	0.00193642
none	0.00150739
none	0.00175018
none	0.00189944
none	0.00215221
none	0.0023449
none	0.00237755
none	0.00194021
none	0.00173754
none	0.00147223
none	0.00126615
none	0.00140604
none	0.00188789
none	0.001955
none	0.00197189
none	0.001891
none	0.0017412
none	0.00191583
none	0.00196717
none	0.00206258
none	0.00148659
none	0.00130863
none	0.00216282
none	0.00225892
none	0.00150291
none	0.00200325
none	0.00210871
none	0.00150762
none	0.00131477
none	0.00163916
none	0.00231493
none	0.00139766
none	0.00169485
none	0.00237457
none	0.00251704
none	0.00184172
none	0.00101438
none	0.00111603
none	0.00192126
none	0.00164822
none	0.00266051
none	0.00243424
none	0.00307958
none	0.00222562
none	0.00211316
none	0.00283754
none	0.00297926
none	0.00224256
none	0.00206083
none	0.00226706
none	0.00218674
none	0.00191371
none	0.00308151
none	0.00238395
none	0.00150873
none	0.00158304
none	0.00173345
none	0.00174126
none	0.00174862
none	0.00175362
none	0.00191913
none	0.00177651
none	0.00154852
none	0.00128048
none	0.00161525
none	0.00162753
none	0.00181591
none	0.00227678
none	0.00232551
none	0.00257016
none	0.00219697
none	0.00149666
none	0.00160279
none	0.00222441
none	0.00111043
none	0.00172411
none	0.00296334
none	0.00280235
none	0.00257683
none	0.00219279
none	0.00207515
none	0.00239281
none	0.00204919
none	0.0019845
none	0.00198344
none	0.00196833
none	0.00170759
none	0.000957568
none	0.00233779
none	0.00263915
none	0.00129859
none	0.00174894
none	0.00137109
none	0.00213463
none	0.00211947
none	0.00258887
none	0.00177869
none	0.00156341
none	0.00180241
none	0.00185013
none	0.00155561
none	0.00161645
none	0.00189619
none	0.00200859
none	0.00212235
none	0.00204432
none	0.00193689
none	0.00192591
none	0.00253149
none	0.00271914
none	0.00290691
none	0.00267528
none	0.00246182
none	0.00245208
none	0.00278074
none	0.00266761
none	0.00245729
none	0.00196334
none	0.00249965
none	0.00249336
none	0.00170434
none	0.00145003
none	0.00149027
none	0.00151734
none	0.0014787
none	0.00157411
none	0.00153892
none	0.00120722
none	0.0010775
none	0.0024283
none	0.00270237
none	0.00243201
none	0.00237065
none	0.00197214
none	0.00266399
none	0.00259434
none	0.00243764
none	0.0025
none	0.00177638
none	0.0016725
none	0.00149124
none	0.00121807
none	0.000973385
none	0.00168131
none	0.00239123
none	0.00240959
none	0.00238347
none	0.00137523
none	0.00165036
none	0.00144571
none	0.00171794
none	0.00170752
none	0.00226923
none	0.00231049
none	0.00199145
none	0.00173506
none	0.00169771
none	0.00163616
none	0.00159917
none	0.00146796
none	0.00131837
none	0.00120812
none	0.00179195
none	0.00197581
none	0.00208348
none	0.00260874
none	0.002812
none	0.00292051
none	0.00249037
none	0.00217994
none	0.00220699
none	0.00224699
none	0.00224352
none	0.002087
none	0.00194834
none	0.00190228
none	0.00228568
none	0.000998251
none	0.000878597
none	0.00128436
none	0.00185158
none	0.00135319
none	0.00123377
none	0.000844173
none	0.00125102
none	0.00173372
none	0.00224207
none	0.00198436
none	0.00124882
none	0.00101766
none	0.000907754
none	0.0017457
none	0.00223211
none	0.00159571
none	0.00229771
none	0.00244531
none	0.00228632
none	0.00163304
none	0.00152647
none	0.00180536
none	0.00180205
none	0.00222571
none	0.00122367
none	0.00100187
none	0.00256041
none	0.00168001
none	0.00110012
none	0.00621713
none	0.00133301
none	0.00143709
none	0.00106683
none	0.00134118
none	0.00101879
none	0.00122431
none	0.0018809
none	0.00173481
none	0.00175309
none	0.001501
none	0.00113496
none	0.0014374
none	0.001764
none	0.00175883
none	0.00157466
none	0.00124737
none	0.00119009
none	0.00129674
none	0.00140348
none	0.00153723
none	0.00119657
none	0.00108103
none	0.00125717
none	0.0018508
none	0.00109522
none	0.000863083
none	0.00123917
none	0.00096772
none	0.00106381
none	0.00119546
none	0.00129829
none	0.00124946
none	0.00162081
none	0.00153317
none	0.00121872
none	0.00131872
none	0.00137862
none	0.00137024
none	0.00134197
none	0.00144925
none	0.00159243
none	0.0016829
none	0.00183783
none	0.00201642
none	0.00160575
none	0.00146741
none	0.00154652
none	0.00203764
none	0.00203427
none	0.00126086
none	0.00118595
none	0.00143945
none	0.00157837
none	0.00142918
none	0.00281013
none	0.00203266
none	0.00114921
none	0.00156227
none	0.0012462
none	0.000985075
none	0.00159828
none	0.00182028
none	0.00168573
none	0.0014373
none	0.00162661
none	0.00182987
none	0.0019586
none	0.00237832
none	0.00242765
none	0.00243241
none	0.00211977
none	0.00289235
none	0.00267224
none	0.00238784
none	0.00192007
none	0.00130466
none	0.0013326
none	0.00175182
none	0.00186172
none	0.00214524
none	0.00215464
none	0.0027855
none	0.00164017
none	0.00130896
none	0.00250966
none	0.00216563
none	0.00229778
none	0.00230062
none	0.00194315
none	0.00195585
none	0.00194851
none	0.00251917
none	0.00255228
none	0.00252019
none	0.00247245
none	0.00244304
none	0.00234307
none	0.00244726
none	0.00177225
none	0.00140972
none	0.0014796
none	0.00295487
none	0.00160444
none	0.00143324
none	0.00232482
none	0.00157685
none	0.00130255
none	0.00137468
none	0.00230465
none	0.00185543
none	0.00156531
none	0.0016591
none	0.00102371
none	0.000910916
none	0.00128629
none	0.00132489
none	0.00111245
none	0.00117988
none	0.00140887
none	0.00165974
none	0.00198944
none	0.00219708
none	0.00229031
none	0.00229474
none	0.00225627
none	0.00204687
none	0.00185771
none	0.00360706
none	0.00529071
none	0.00664632
none	0.00527353
none	0.0047799
none	0.00429259
none	0.0040879
none	0.00263962
none	0.00193247
none	0.00158304
none	0.00153232
none	0.00180473
none	0.00193393
none	0.0013319
none	0.00124052
none	0.00137401
none	0.00157072
none	0.00122002
none	0.00108887
none	0.00112174
none	0.00130626
none	0.00165309
none	0.001996
none	0.00205682
none	0.00222399
none	0.00193215
none	0.00186722
none	0.00183203
none	0.00123383
none	0.00141706
none	0.00147854
none	0.00178211
none	0.00147848
none	0.00134227
none	0.00150733
none	0.0014972
none	0.00200291
none	0.0017452
none	0.00194032
none	0.00190702
none	0.00234896
none	0.0023273
none	0.00224623
none	0.00164341
none	0.00149371
none	0.00156249
none	0.00189028
none	0.00185983
none	0.00179385
none	0.00157703
none	0.00156872
none	0.00215537
none	0.0035495
none	0.00337609
none	0.00105302
none	0.00221662
none	0.0013797
none	0.00160125
none	0.00151073
none	0.00169477
none	0.00103817
none	0.00145959
none	0.00121573
none	0.00146351
none	0.00123431
none	0.000868718
none	0.00103878
none	0.000984844
none	0.00142175
none	0.00227289
none	0.000665846
none	0.00139181
none	0.00155348
none	0.00134219
none	0.00199258
none	0.00142056
none	0.00152201
none	0.00160126
none	0.00128542
none	0.00124621
none	0.00154986
none	0.000964884
none	0.0013768
none	0.00246041
none	0.00135057
none	0.000860814
none	0.00115274
none	0.00185893
none	0.0018364
none	0.00189885
none	0.00111835
none	0.00141902
none	0.00219755
none	0.00275593
none	0.00290428
none	0.00130597
none	0.00148378
none	0.00149033
none	0.00131579
none	0.00111893
none	0.00121707
none	0.00114067
none	0.00144022
none	0.00146601
none	0.00173352
none	0.00192921
none	0.00194361
none	0.00230524
none	0.00248849
none	0.00253778
none	0.00181683
none	0.00131727
none	0.0025276
none	0.00456859
none	0.00278585
none	0.00205819
none	0.00216895
none	0.00219737
none	0.0020473
none	0.00179557
none	0.00193638
none	0.00135285
none	0.00158345
none	0.00159722
none	0.00233806
none	0.00192677
none	0.00152419
none	0.00155748
none	0.00160734
none	0.00232532
none	0.00234803
none	0.00243396
none	0.00275058
none	0.00257542
none	0.0015262
none	0.00158235
none	0.00160974
none	0.00308872
none	0.00348732
none	0.00329585
none	0.00327957
none	0.00297677
none	0.00268485
none	0.00405835
none	0.00338701
none	0.00279575
none	0.00253971
none	0.00166532
none	0.00140032
none	0.00234971
none	0.00232417
none	0.00235922
none	0.00231149
none	0.00207046
none	0.00169533
none	0.00178034
none	0.00202066
none	0.00213121
none	0.00168663
none	0.0011973
none	0.00178716
none	0.00172082
none	0.00156032
none	0.00165636
none	0.00143221
none	0.00255596
none	0.00275425
none	0.00156167
none	0.00189067
none	0.00209648
none	0.00222154
none	0.00207427
none	0.00200648
none	0.00148788
none	0.00156521
none	0.00153907
none	0.00149537
none	0.00160366
none	0.00198253
none	0.00200225
none	0.00193957
none	0.00219265
none	0.00169114
none	0.002061
none	0.00209393
none	0.00218949
none	0.00213616
none	0.00186666
none	0.00165809
none	0.0013725
none	0.00130985
none	0.00228975
none	0.00273905
none	0.00202317
none	0.0020781
none	0.00210198
none	0.00204891
none	0.00248615
none	0.00220191
none	0.00170596
none	0.00220033
none	0.00136662
none	0.00150621
none	0.00154066
none	0.00142082
none	0.00125412
none	0.0015651
none	0.00215698
none	0.00192082
none	0.00166947
none	0.00145881
none	0.00126249
none	0.0016762
none	0.00176314
none	0.00138343
none	0.00130805
none	0.00155618
none	0.00163409
none	0.00164347
none	0.00101456
none	0.00190684
none	0.00216708
none	0.00248469
none	0.00249158
none	0.00308993
none	0.00328393
none	0.00386441
none	0.00375322
none	0.0036496
none	0.00365003
none	0.00353502
none	0.00247193
none	0.00159648
none	0.0019816
none	0.00242559
none	0.00270174
none	0.00263955
none	0.00183522
none	0.00204127
none	0.00201542
none	0.00132477
none	0.0016425
none	0.00164499
none	0.00154088
none	0.00181522
none	0.00270514
none	0.00280552
none	0.00227682
none	0.00137982
none	0.00163999
none	0.00186662
none	0.00236345
none	0.00271774
none	0.00348608
none	0.0039851
none	0.00303279
none	0.00126003
none	0.00168353
none	0.00166093
none	0.00178574
none	0.00188302
none	0.00145655
none	0.00130746
none	0.00199712
none	0.00115573
none	0.00174068
none	0.00149599
none	0.00198211
none	0.00170721
none	0.00202511
none	0.00129843
none	0.00180878
none	0.000861659
none	0.00148987
none	0.00155238
none	0.0014524
none	0.0015109
none	0.00197544
none	0.00196691
none	0.00198266
none	0.00160759
none	0.00151276
none	0.00192454
none	0.00242264
none	0.00246116
none	0.00237209
none	0.00188696
none	0.0018896
none	0.00144936
none	0.00151143
none	0.00157845
none	0.00144529
none	0.00125485
none	0.0019142
none	0.00219519
none	0.00218572
none	0.00215197
none	0.00170705
none	0.00127599
none	0.00134314
none	0.00137095
none	0.00185188
none	0.00197716
none	0.00193931
none	0.00187026
none	0.00163376
none	0.00155018
none	0.00171903
none	0.00190919
none	0.00191501
none	0.00144335
none	0.00233782
none	0.00140069
none	0.00147961
none	0.00156049
none	0.00179172
none	0.0019481
none	0.00162521
none	0.00172597
none	0.000962537
none	0.00202034
none	0.0021993
none	0.00143926
none	0.00168962
none	0.00166602
none	0.00169083
none	0.00229826
none	0.00217536
none	0.0017213
none	0.00138161
none	0.000861794
none	0.00153248
none	0.00174743
none	0.0021431
none	0.00236297
none	0.00101126
none	0.00201133
none	0.00220107
none	0.00163261
none	0.00154311
none	0.00146497
none	0.0012108
none	0.000978584
none	0.00102726
none	0.00220369
none	0.00131649
none	0.00138394
none	0.00119679
none	0.00215039
none	0.00170936
none	0.00163511
none	0.000993081
none	0.00177538
none	0.0015074
none	0.00175566
none	0.00174104
none	0.00382905
none	0.00419835
none	0.00118819
none	0.00140561
none	0.000993241
none	0.0017555
none	0.0017575
none	0.00152076
none	0.00147573
none	0.00161907
none	0.00128202
none	0.00108497
none	0.00106116
none	0.00137339
none	0.00163104
none	0.00153615
none	0.00158063
none	0.00234353
none	0.00154578
none	0.00136312
none	0.00123407
none	0.00122722
none	0.00171347
none	0.00158205
none	0.00163795
none	0.00117524
none	0.00126386
none	0.00102998
none	0.00120553
none	0.00146704
none	0.00178803
none	0.00186239
none	0.00188145
none	0.00187649
none	0.00193134
none	0.00209807
none	0.00203535
none	0.00233048
none	0.00286707
none	0.00282997
none	0.00199937
none	0.00179497
none	0.00140287
none	0.00261192
none	0.00190033
none	0.00204415
none	0.00198903
none	0.00202356
none	0.00197928
none	0.00189252
none	0.00225689
none	0.00121858
none	0.00209208
none	0.00207925
none	0.0024909
none	0.001822
none	0.00182456
none	0.0020933
none	0.00171755
none	0.00172649
none	0.0015491
none	0.0019795
none	0.00116118
none	0.00111142
none	0.000983735
none	0.00107307
none	0.0014881
none	0.00175246
none	0.00156428
none	0.00259845
none	0.00229277
none	0.00153222
none	0.0015177
none	0.00174176
none	0.00182425
none	0.00172369
none	0.0014637
none	0.000953919
none	0.000999268
none	0.00168654
none	0.00224004
none	0.00187618
none	0.00169186
none	0.00160465
none	0.00191008
none	0.00196137
none	0.00176175
none	0.00194992
none	0.00200079
none	0.00132544
none	0.00090695
none	0.00184271
none	0.00158163
none	0.00199128
none	0.00200975
none	0.000738591
none	0.000986822
none	0.00182092
none	0.00365081
none	0.00596647
none	0.000757976
none	0.00146851
none	0.0024119
none	0.0043393
none	0.0039657
none	0.00396396
none	0.00261663
none	0.000862953
none	0.00170867
none	0.00195211
none	0.00176176
none	0.00187498
none	0.00182825
none	0.00204285
none	0.00197847
none	0.00197219
none	0.00206546
none	0.000937429
none	0.00120711
none	0.00134959
none	0.00143099
none	0.0015073
none	0.00152615
none	0.00133007
none	0.00128996
none	0.00134845
none	0.00129769
none	0.00257986
none	0.00326924
none	0.00310674
none	0.00204786
none	0.00186216
none	0.00134225
none	0.00142644
none	0.00184538
none	0.00147011
none	0.00143935
none	0.0017813
none	0.00144951
none	0.0014149
none	0.00136754
none	0.00164488
none	0.00157531
none	0.00113495
none	0.00127343
none	0.00110482
none	0.000825954
none	0.00193231
none	0.00181927
none	0.00140933
none	0.00173199
none	0.00220519
none	0.00273653
none	0.00188416
none	0.00110726
none	0.00165988
none	0.00187287
none	0.00115461
none	0.00169172
none	0.00134444
none	0.00138228
none	0.00132054
none	0.00119873
none	0.00199573
none	0.00154142
none	0.00125188
none	0.000967822
none	0.000972348
none	0.00130603
none	0.00127209
none	0.000935605
none	0.00203493
none	0.00073658
none	0.00175984
none	0.00234634
none	0.0023222
none	0.00221018
none	0.0015054
none	0.00137847
none	0.00119424
none	0.0012105
none	0.00148027
none	0.00155507
none	0.00182551
none	0.0019604
none	0.00219629
none	0.00218587
none	0.00234265
none	0.00278199
none	0.00207766
none	0.00274527
none	0.00139046
none	0.00129938
none	0.00123536
none	0.00135642
none	0.00151797
none	0.00145762
none	0.00142931
none	0.00171449
none	0.00173462
none	0.00184162
none	0.00220471
none	0.0024427
none	0.00267611
none	0.00085376
none	0.000910766
none	0.00199702
none	0.00271721
none	0.00163108
none	0.00179009
none	0.00181098
none	0.00180445
none	0.00279491
none	0.00189311
none	0.00164294
none	0.00165136
none	0.000817793
none	0.00128902
none	0.00142122
none	0.00169308
none	0.00142119
none	0.00194674
none	0.00246474
none	0.0015735
none	0.00134784
none	0.00248254
none	0.00313057
none	0.00358471
none	0.00226492
none	0.00171592
none	0.0015828
none	0.00179245
none	0.00128083
none	0.00151252
none	0.00160235
none	0.00181231
none	0.00170949
none	0.00102104
none	0.0010828
none	0.00120926
none	0.00115083
none	0.00168003
none	0.00207295
none	0.00218612
none	0.00215524
none	0.00100366
none	0.00204007
none	0.00108309
none	0.00207168
none	0.00195902
none	0.00120144
none	0.00125033
none	0.00129544
none	0.00129258
none	0.00171433
none	0.00286591
none	0.00105514
none	0.00189503
none	0.00109908
none	0.00102948
none	0.0016493
none	0.00246499
none	0.00195484
none	0.00145761
none	0.00136542
none	0.00139179
none	0.000908048
none	0.0011126
none	0.00102388
none	0.000977304
none	0.000893822
none	0.00100808
none	0.00153978
none	0.00174505
none	0.0017818
none	0.00161165
none	0.00161294
none	0.00178723
none	0.00208327
none	0.00129637
none	0.00144577
none	0.00194627
none	0.00181738
none	0.00161169
none	0.000683676
none	0.000880918
none	0.00202956
none	0.00240676
none	0.00260023
none	0.00158408
none	0.00147036
none	0.00161233
none	0.00176319
none	0.00156543
none	0.0012729
none	0.00125731
none	0.00209638
none	0.00197241
none	0.00229142
none	0.00256554
none	0.00266525
none	0.00270178
none	0.00235827
none	0.00202412
none	0.00239447
none	0.00403808
none	0.00359487
none	0.00337115
none	0.00241166
none	0.00161525
none	0.00170001
none	0.00213263
none	0.00179483
none	0.00197801
none	0.000994187
none	0.00221247
none	0.0025641
none	0.00159001
none	0.00146524
none	0.00202393
none	0.0020409
none	0.00162981
none	0.00146371
none	0.00257759
none	0.0018865
none	0.00166997
none	0.00140532
none	0.0013847
none	0.00182655
none	0.00252496
none	0.0041549
none	0.00528185
none	0.00148799
none	0.00160535
none	0.00167712
none	0.00101394
none	0.00122357
none	0.00222053
none	0.00223703
none	0.00197906
none	0.00175346
none	0.00201205
none	0.0022311
none	0.00237033
none	0.00244919
none	0.00381237
none	0.00109708
none	0.00184066
none	0.00190178
none	0.00151644
none	0.00103517
none	0.00142616
none	0.000792073
none	0.00103443
none	0.000966506
none	0.00106809
none	0.00171746
none	0.00168849
none	0.00198648
none	0.00207278
none	0.00221244
none	0.00247364
none	0.0026396
none	0.00189265
none	0.00183646
none	0.00149754
none	0.0013881
none	0.00147731
none	0.00156128
none	0.0016614
none	0.00190851
none	0.00217378
none	0.00221071
none	0.00235489
none	0.00264004
none	0.0026301
none	0.00254557
none	0.00185519
none	0.00160403
none	0.00115577
none	0.00128963
none	0.00183775
none	0.00109182
none	0.00187728
none	0.00148757
none	0.00224842
none	0.00219124
none	0.00205667
none	0.00208864
none	0.00142357
none	0.00148861
none	0.00235827
none	0.00290087
none	0.00315623
none	0.00309003
none	0.00294364
none	0.00243384
none	0.00253212
none	0.00371358
none	0.00501706
none	0.00485664
none	0.005307
none	0.00499784
none	0.00399025
none	0.00376028
none	0.00300464
none	0.00103108
none	0.00170325
none	0.00165571
none	0.00159815
none	0.00119652
none	0.00150974
none	0.00136785
none	0.00114346
none	0.00086738
none	0.00145992
none	0.0013774
none	0.00183068
none	0.00185058
none	0.00178473
none	0.000426472
none	0.00227645
none	0.00143724
none	0.0010508
none	0.000958988
none	0.00128684
none	0.00137756
none	0.00159454
none	0.00164758
none	0.00128869
none	0.00142004
none	0.00132084
none	0.00111423
none	0.00145322
none	0.00158373
none	0.0013057
none	0.00112084
none	0.00110292
none	0.00183507
none	0.00191012
none	0.00171109
none	0.00167504
none	0.00138242
none	0.00134501
none	0.00124096
none	0.00136163
none	0.0013153
none	0.00170045
none	0.00172174
none	0.00170842
none	0.00169798
none	0.00122353
none	0.0020078
none	0.00190886
none	0.000985766
none	0.00149974
none	0.00125349
none	0.00139547
none	0.00176124
none	0.00158786
none	0.00120176
none	0.00188527
none	0.00186071
none	0.00168121
none	0.00185989
none	0.00154022
none	0.00140202
none	0.00159624
none	0.00100333
none	0.00142679
none	0.00170843
none	0.00173818
none	0.00142017
none	0.00230887
none	0.00208477
none	0.00168283
none	0.00168746
none	0.00165647
none	0.00155016
none	0.00111245
none	0.00110236
none	0.00137926
none	0.00145939
none	0.00175369
none	0.00184042
none	0.0017417
none	0.00167539
none	0.00168655
none	0.000866221
none	0.000830463
none	0.00195996
none	0.00187533
none	0.00159187
none	0.00168624
none	0.0012862
none	0.00139527
none	0.00135395
none	0.000818357
none	0.00148872
none	0.00154187
none	0.00140953
none	0.00127579
none	0.00200521
none	0.00131466
none	0.00219829
none	0.00211397
none	0.0016315
none	0.00155677
none	0.00252455
none	0.00144118
none	0.00165518
none	0.00214642
none	0.00204704
none	0.00199976
none	0.0020159
none	0.00206218
none	0.00206131
none	0.00108303
none	0.00134541
none	0.00120028
none	0.00109929
none	0.00175983
none	0.000948059
none	0.0015455
none	0.00178415
none	0.000861001
none	0.00203579
none	0.00191653
none	0.00173265
none	0.00227219
none	0.00136943
none	0.00116527
none	0.00196174
none	0.00163502
none	0.00192933
none	0.00125784
none	0.00104711
none	0.00171909
none	0.00146274
none	0.00179884
none	0.00216652
none	0.00215361
none	0.00182598
none	0.00167368
none	0.0013222
none	0.00130582
none	0.00275429
none	0.000894856
none	0.00183871
none	0.00181003
none	0.001881
none	0.00145069
none	0.00231528
none	0.00228808
none	0.00127779
none	0.00152032
none	0.00186653
none	0.00296551
none	0.0017104
none	0.00158536
none	0.00136661
none	0.0014371
none	0.00242525
none	0.00114244
none	0.00134044
none	0.00160826
none	0.00155596
none	0.0014735
none	0.00153355
none	0.00141891
none	0.00162816
none	0.00125136
none	0.00152298
none	0.00129001
none	0.00127245
none	0.000882042
none	0.00100211
none	0.00090876
none	0.00152586
none	0.000863961
none	0.00152351
none	0.0017741
none	0.00151995
none	0.00128052
none	0.00103794
none	0.000892969
none	0.0012012
none	0.00135417
none	0.0018718
none	0.00210932
none	0.0019752
none	0.00199553
none	0.00136872
none	0.00109102
none	0.000886591
none	0.000980304
none	0.00090068
none	0.000914366
none	0.00205814
none	0.00181776
none	0.0011264
none	0.00102418
none	0.00183155
none	0.00188495
none	0.00149985
none	0.00160094
none	0.0028111
none	0.00286113
none	0.00239588
none	0.00146699
none	0.00154919
none	0.00170601
none	0.00186149
none	0.00209492
none	0.0018518
none	0.00183136
none	0.00174875
none	0.0016106
none	0.0018723
none	0.00162248
none	0.00141463
none	0.00109923
none	0.00137105
none	0.00249941
none	0.00273914
none	0.00275268
none	0.00132358
none	0.00183814
none	0.00200497
none	0.00128713
none	0.00123002
none	0.00208395
none	0.00310115
none	0.00201569
none	0.00189413
none	0.0030224
none	0.00120958
none	0.00215132
none	0.00171093
none	0.0018661
none	0.00161608
none	0.00167633
none	0.00177269
none	0.00113662
none	0.00235036
none	0.0017976
none	0.00179106
none	0.0022418
none	0.00162264
none	0.00182116
none	0.0013167
none	0.00110096
none	0.00265073
none	0.000546635
none	0.00102333
none	0.0010722
none	0.0016039
none	0.00139051
none	0.00160337
none	0.00157676
none	0.00198755
none	0.00240352
none	0.00159826
none	0.00167913
none	0.00167984
none	0.0015415
none	0.0015504
none	0.00163494
none	0.00180371
none	0.00214343
none	0.00199214
none	0.0017863
none	0.00167931
none	0.00165853
none	0.001941
none	0.0018188
none	0.00162082
none	0.00182178
none	0.00138479
none	0.00125085
none	0.00120307
none	0.00118704
none	0.00136351
none	0.00138395
none	0.00177213
none	0.0018825
none	0.00191574
none	0.00184163
none	0.00192373
none	0.0019058
none	0.00173818
none	0.00164477
none	0.0016015
none	0.00213819
none	0.00194192
none	0.00205402
none	0.00201545
none	0.00175384
none	0.00171005
none	0.00226763
none	0.00194001
none	0.0027582
none	0.00171811
none	0.00174961
none	0.00170502
none	0.0020217
none	0.00223073
none	0.0015663
none	0.00136878
none	0.00149115
none	0.00195717
none	0.00259026
none	0.00239469
none	0.00238641
none	0.00239553
none	0.00235811
none	0.00282603
none	0.00324261
none	0.00161551
none	0.00143471
none	0.0018909
none	0.00137093
none	0.00128343
none	0.00205152
none	0.00220308
none	0.00167646
none	0.00138992
none	0.00128482
none	0.00193638
none	0.00173332
none	0.00171263
none	0.00174021
none	0.0017537
none	0.00169488
none	0.00156824
none	0.00178934
none	0.00185675
none	0.00185853
none	0.00177503
none	0.00176562
none	0.00199175
none	0.00145878
none	0.00188537
none	0.00229481
none	0.0021537
none	0.00205874
none	0.00237255
none	0.00192452
none	0.00202221
none	0.00162348
none	0.00214171
none	0.0015663
none	0.00108558
none	0.0012012
none	0.00176807
none	0.00175825
none	0.00155919
none	0.00159558
none	0.00153546
none	0.00137358
none	0.00135628
none	0.00118116
none	0.00106325
none	0.000916841
none	0.0015769
none	0.00157677
none	0.00168823
none	0.00197801
none	0.00174982
none	0.00161827
none	0.00168318
none	0.00218092
none	0.0018525
none	0.00215792
none	0.00165699
none	0.00169931
none	0.00219657
none	0.00199675
none	0.00227647
none	0.00185435
none	0.00135207
none	0.00154272
none	0.00182082
none	0.00122918
none	0.00167747
none	0.00118562
none	0.00165987
none	0.00130652
none	0.00128789
none	0.00120674
none	0.00148991
none	0.00146496
none	0.00212857
none	0.00225519
none	0.0021407
none	0.00197943
none	0.00196598
none	0.00219162
none	0.00120837
none	0.00129178
none	0.00196539
none	0.00279258
none	0.0019187
none	0.00214924
none	0.00178669
none	0.00149229
none	0.00118828
none	0.00179738
none	0.00211588
none	0.00151991
none	0.00171625
none	0.00237682
none	0.00271522
none	0.00300307
none	0.00262294
none	0.00304352
none	0.0029625
none	0.00187742
none	0.00179181
none	0.00173216
none	0.00250559
none	0.00166375
none	0.00156529
none	0.00167036
none	0.004166
none	0.0177726
none	0.0336762
none	0.0379503
none	0.0360625
none	0.0359994
none	0.0194691
none	0.0192271
none	0.0184941
none	0.00229968
none	0.00272122
none	0.00154911
none	0.00157936
none	0.00173831
none	0.0017471
none	0.00150561
none	0.00177577
none	0.00167558
none	0.00143972
none	0.00138143
none	0.0024033
none	0.00240754
none	0.00159868
none	0.00133868
none	0.00238677
none	0.00175591
none	0.00130786
none	0.00125097
none	0.0012586
none	0.001243
none	0.00123661
none	0.00114035
none	0.00144866
none	0.00171579
none	0.00175107
none	0.00167901
none	0.00163119
none	0.00165997
none	0.00196748
none	0.00218979
none	0.00207667
none	0.00218636
none	0.00241598
none	0.00217118
none	0.00172808
none	0.00154095
none	0.0010864
none	0.00141076
none	0.00128534
none	0.00127537
none	0.00172778
none	0.00231927
none	0.0022058
none	0.00184843
none	0.00186153
none	0.00204723
none	0.00234712
none	0.00235822
none	0.00299199
none	0.00310948
none	0.00226658
none	0.00138573
none	0.00145113
none	0.00129483
none	0.00136099
none	0.00136713
none	0.00155878
none	0.00164997
none	0.001679
none	0.0016961
none	0.00118297
none	0.00111505
none	0.00165987
none	0.0014328
none	0.0010452
none	0.0028498
none	0.00163369
none	0.00254594
none	0.00343849
none	0.00512092
none	0.00543809
none	0.00120924
none	0.0019462
none	0.00116903
none	0.00111584
none	0.00107342
none	0.00111264
none	0.00129446
none	0.00143806
none	0.00151483
none	0.00164167
none	0.00146202
none	0.00143057
none	0.00139474
none	0.00140049
none	0.00115361
none	0.00129778
none	0.00166512
none	0.00171185
none	0.00155157
none	0.00110335
none	0.00167015
none	0.00155386
none	0.00155314
none	0.00168887
none	0.00139369
none	0.00187134
none	0.00207774
none	0.00158766
none	0.00177827
none	0.00174881
none	0.00168823
none	0.0017662
none	0.00176023
none	0.0015817
none	0.00149991
none	0.00137346
none	0.00212125
none	0.00181592
none	0.000940494
none	0.0018493
none	0.00145244
none	0.00154458
none	0.00214782
none	0.00188228
none	0.00188125
none	0.00188073
none	0.00165705
none	0.00139518
none	0.00151223
none	0.00152679
none	0.00192268
none	0.000793962
none	0.00189697
none	0.00133179
none	0.00253
none	0.00242602
none	0.00172664
none	0.00170958
none	0.00175836
none	0.00189141
none	0.00154222
none	0.00206794
none	0.00164144
none	0.0013066
none	0.00141288
none	0.00167916
none	0.00182688
none	0.00196946
none	0.00167703
none	0.00136117
none	0.00232886
none	0.00177903
none	0.000782383
none	0.00260766
none	0.00225446
none	0.00212741
none	0.00170336
none	0.00153019
none	0.00167886
none	0.0022014
none	0.00238677
none	0.00166837
none	0.00169576
none	0.00264437
none	0.00210133
none	0.00277344
none	0.00248571
none	0.00107692
none	0.00149249
none	0.00158224
none	0.00154914
none	0.000596423
none	0.00165956
none	0.00123976
none	0.00182543
none	0.000869976
none	0.00215174
none	0.001868
none	0.00168764
none	0.00190619
none	0.00358003
none	0.00127834
none	0.00214328
none	0.00157493
none	0.00145989
none	0.00142692
none	0.00113409
none	0.00112679
none	0.00151341
none	0.00166852
none	0.00182103
none	0.00189435
none	0.00221574
none	0.00225061
none	0.00187765
none	0.00204581
none	0.00206726
none	0.00206455
none	0.00242074
none	0.00264211
none	0.00317303
none	0.00287673
none	0.00281254
none	0.00252533
none	0.00223766
none	0.0022588
none	0.00254692
none	0.00250828
none	0.00268864
none	0.00269055
none	0.00255025
none	0.00162412
none	0.00208985
none	0.00206442
none	0.00164975
none	0.00135166
none	0.00108975
none	0.00121179
none	0.00111652
none	0.00113065
none	0.00111968
none	0.00124131
none	0.00134477
none	0.00158075
none	0.00181065
none	0.00186835
none	0.00164832
none	0.00161221
none	0.00144834
none	0.00256815
none	0.00160872
none	0.00236187
none	0.00243557
none	0.00159536
none	0.00153237
none	0.00162669
none	0.00224288
none	0.00201973
none	0.00175575
none	0.0014045
none	0.00143754
none	0.00151536
none	0.00108953
none	0.00116254
none	0.00172196
none	0.00160224
none	0.00173746
none	0.00171174
none	0.00161206
none	0.00143354
none	0.00195148
none	0.00188151
none	0.00136422
none	0.00204443
none	0.0025071
none	0.00153807
none	0.00192876
none	0.00239676
none	0.00262049
none	0.00287798
none	0.00287304
none	0.00121471
none	0.001465
none	0.00123062
none	0.00247886
none	0.00178533
none	0.00152233
none	0.00161657
none	0.00164128
none	0.00214269
none	0.00213655
none	0.00170417
none	0.00176607
none	0.00235861
none	0.00116758
none	0.00105612
none	0.00121258
none	0.0014097
none	0.00080338
none	0.00103827
none	0.00140695
none	0.00153151
none	0.0013748
none	0.00143558
none	0.00256647
none	0.00238364
none	0.00157694
none	0.00172226
none	0.00274727
none	0.00255589
none	0.00315188
none	0.00205144
none	0.00210642
none	0.00208671
none	0.00188732
none	0.00133846
none	0.00133277
none	0.00179141
none	0.000917512
none	0.00122355
none	0.00185013
none	0.00219779
none	0.00180488
none	0.00133969
none	0.00111263
none	0.00149647
none	0.00098021
none	0.00115037
none	0.00161454
none	0.00168513
none	0.00186221
none	0.00156978
none	0.00157362
none	0.00139024
none	0.00145072
none	0.00203708
none	0.0011383
none	0.000816262
none	0.00110189
none	0.00224737
none	0.00252795
none	0.00152432
none	0.00135845
none	0.00160136
none	0.00166944
none	0.00136847
none	0.00101658
none	0.00109684
none	0.00119532
none	0.00133303
none	0.00135702
none	0.0014029
none	0.001252
none	0.00132738
none	0.00175344
none	0.00171374
none	0.00245953
none	0.0013623
none	0.00136845
none	0.00091118
none	0.00175867
none	0.00132155
none	0.00194684
none	0.00215891
none	0.00164272
none	0.00168706
none	0.00167453
none	0.00195762
none	0.00114322
none	0.0014742
none	0.000953759
none	0.000953157
none	0.00115718
none	0.00167208
none	0.00168799
none	0.00114788
none	0.00133009
none	0.00247789
none	0.0017453
none	0.0017527
none	0.00118536
none	0.00196344
none	0.0018759
none	0.00187
none	0.0011411
none	0.0012996
none	0.00156865
none	0.0010679
none	0.00110965
none	0.00106058
none	0.00197065
none	0.00196629
none	0.00184852
none	0.0019231
none	0.00197188
none	0.00183131
none	0.00127693
none	0.00113944
none	0.00124018
none	0.00152663
none	0.00183761
none	0.00187135
none	0.00180233
none	0.00119219
none	0.00160358
none	0.00168826
none	0.00129478
none	0.00154819
none	0.00190279
none	0.00197326
none	0.00120908
none	0.0015932
none	0.00166815
none	0.0016167
none	0.00153485
none	0.0014204
none	0.00153132
none	0.0016105
none	0.00150677
none	0.00150567
none	0.00184164
none	0.00186536
none	0.00186332
none	0.00190103
none	0.00184868
none	0.00229417
none	0.00235932
none	0.00220115
none	0.000997253
none	0.00101085
none	0.00166771
none	0.00151762
none	0.00177883
none	0.00202851
none	0.00264159
none	0.00274483
none	0.00298812
none	0.00298863
none	0.00282153
none	0.00306425
none	0.00361023
none	0.0038962
none	0.00351672
none	0.00299113
none	0.002971
none	0.00328555
none	0.00326357
none	0.00223033
none	0.00134838
none	0.00129327
none	0.00149112
none	0.00157241
none	0.00195572
none	0.00179884
none	0.00169653
none	0.00168203
none	0.00161007
none	0.00209038
none	0.00235814
none	0.00236231
none	0.00187385
none	0.00184118
none	0.00118314
none	0.00113436
none	0.00105716
none	0.00163006
none	0.00184829
none	0.00195921
none	0.00148576
none	0.00103068
none	0.0011101
none	0.00122962
none	0.00117228
none	0.0017274
none	0.00145417
none	0.00150176
none	0.001069
none	0.00103887
none	0.000866221
none	0.00173354
none	0.00158966
none	0.00209352
none	0.00134297
none	0.00150371
none	0.00172224
none	0.00221672
none	0.00214568
none	0.00204762
none	0.00193647
none	0.00170099
none	0.00132913
none	0.00151759
none	0.00180055
none	0.00199748
none	0.00154486
none	0.00347902
none	0.00204992
none	0.00229313
none	0.00234945
none	0.00240064
none	0.00236892
none	0.00237756
none	0.00252357
none	0.00256136
none	0.0019398
none	0.00169216
none	0.00181934
none	0.00149247
none	0.00185398
none	0.00258503
none	0.00237417
none	0.00218379
none	0.0015925
none	0.00169405
none	0.0017568
none	0.00172953
none	0.001463
none	0.00110863
none	0.00105434
none	0.00116477
none	0.00153114
none	0.00286092
none	0.00257218
none	0.00197124
none	0.00182067
none	0.00193556
none	0.002415
none	0.00268855
none	0.00233444
none	0.00306283
none	0.00262204
none	0.00191248
none	0.00154156
none	0.00231174
none	0.00228836
none	0.00211945
none	0.00191389
none	0.00198576
none	0.00246438
none	0.00241901
none	0.00177762
none	0.00163205
none	0.00178373
none	0.00146548
none	0.00168391
none	0.00148794
none	0.00165932
none	0.00203287
none	0.00122351
none	0.00150562
none	0.00165483
none	0.00170951
none	0.00175232
none	0.00181215
none	0.00184706
none	0.00160202
none	0.00276773
none	0.00168651
none	0.00139896
none	0.00130477
none	0.00142377
none	0.00140754
none	0.00168802
none	0.00157954
none	0.00129177
none	0.00117119
none	0.00146208
none	0.00129617
none	0.00125341
none	0.00130543
none	0.00143657
none	0.00132015
none	0.00118294
none	0.00151927
none	0.00233349
none	0.00198945
none	0.00220151
none	0.00209507
none	0.00228568
none	0.00170644
none	0.00168846
none	0.00199326
none	0.00218313
none	0.00189429
none	0.00192956
none	0.00142805
none	0.00143427
none	0.00200482
none	0.00171147
none	0.00157317
none	0.0017226
none	0.00178238
none	0.00153965
none	0.00148837
none	0.00258385
none	0.00170184
none	0.00158844
none	0.000890744
none	0.000862704
none	0.000928156
none	0.00183981
none	0.00243897
none	0.00270135
none	0.00186269
none	0.00184188
none	0.00211028
none	0.00176841
none	0.00157472
none	0.00154561
none	0.000891142
none	0.00171107
none	0.00174764
none	0.00181677
none	0.00187431
none	0.00138555
none	0.00211069
none	0.0019335
none	0.00133647
none	0.00128923
none	0.00134376
none	0.000979885
none	0.00174056
none	0.00170339
none	0.00178546
none	0.00335135
none	0.00271066
none	0.00250373
none	0.00153087
none	0.00159689
none	0.00182615
none	0.00304943
none	0.00162544
none	0.00176576
none	0.00139408
none	0.000740101
none	0.00103003
none	0.00106285
none	0.00178074
none	0.00174369
none	0.00176476
none	0.00168952
none	0.00153146
none	0.00151458
none	0.000634247
none	0.00106692
none	0.00105188
none	0.00116998
none	0.00130878
none	0.00179972
none	0.00189231
none	0.00169152
none	0.00153714
none	0.00174709
none	0.00229267
none	0.00118971
none	0.00136887
none	0.00134319
none	0.00125872
none	0.00178796
none	0.00132199
none	0.000485858
none	0.00318179
none	0.00356522
none	0.00603203
none	0.0106099
none	0.00260417
none	0.00256478
none	0.00262597
none	0.00217343
none	0.001922
none	0.00142164
none	0.00154072
none	0.00172811
none	0.00148768
none	0.00105541
none	0.0012827
none	0.000895567
none	0.00114283
none	0.00176652
none	0.00162602
none	0.00164461
none	0.00181941
none	0.00109595
none	0.00167906
none	0.00235177
none	0.00207094
none	0.0019695
none	0.0017964
none	0.00153815
none	0.00157303
none	0.00158593
none	0.000809295
none	0.000853386
none	0.00117241
none	0.00108988
none	0.00108349
none	0.00104563
none	0.000989612
none	0.000930811
none	0.000963881
none	0.00125859
none	0.00133903
none	0.00115182
none	0.00312359
none	0.00197836
none	0.00228553
none	0.00158202
none	0.00121847
none	0.00100624
none	0.00143243
none	0.00195191
none	0.00188655
none	0.00196529
none	0.0018018
none	0.00162933
none	0.00160884
none	0.00145816
none	0.00218828
none	0.00252705
none	0.00264393
none	0.00334853
none	0.00336013
none	0.00137721
none	0.00160113
none	0.00143724
none	0.00157619
none	0.00180809
none	0.00187283
none	0.00182946
none	0.00218148
none	0.00221396
none	0.0016818
none	0.00149901
none	0.00165724
none	0.0020509
none	0.00208153
none	0.00186928
none	0.00218014
none	0.00204029
none	0.00160592
none	0.00105733
none	0.00121424
none	0.00143675
none	0.00118641
none	0.00119144
none	0.00149882
none	0.00194471
none	0.00200723
none	0.00206381
none	0.00204258
none	0.00190381
none	0.00213144
none	0.00215298
none	0.00204616
none	0.00178718
none	0.00155352
none	0.00204077
none	0.00261798
none	0.00328705
none	0.00325023
none	0.00308486
none	0.00304869
none	0.00222232
none	0.00183243
none	0.00181051
none	0.00199339
none	0.00135852
none	0.00203724
none	0.00123603
none	0.00153339
none	0.0012445
none	0.00145857
none	0.00124096
none	0.00124781
none	0.00125331
none	0.00182096
none	0.0015252
none	0.00147934
none	0.00149216
none	0.00142283
none	0.00124736
none	0.00130436
none	0.00111251
none	0.00112867
none	0.000952824
none	0.001089
none	0.00126171
none	0.00178889
none	0.00194332
none	0.00227286
none	0.00259271
none	0.00208467
none	0.00193557
none	0.00174009
none	0.00148291
none	0.000943265
none	0.0015215
none	0.00162255
none	0.00154779
none	0.00153215
none	0.00158426
none	0.00162808
none	0.00122578
none	0.00144423
none	0.00173515
none	0.0015312
none	0.00201302
none	0.00170939
none	0.00171177
none	0.00101912
none	0.00155959
none	0.00163461
none	0.00163313
none	0.00181955
none	0.000809523
none	0.00165979
none	0.00200929
none	0.00160153
none	0.00146185
none	0.0014876
none	0.00205986
none	0.00170681
none	0.00124668
none	0.00149374
none	0.00101787
none	0.00124298
none	0.000949694
none	0.000806391
none	0.0016913
none	0.00206896
none	0.0011553
none	0.00148692
none	0.00191334
none	0.00201101
none	0.00212862
none	0.00246321
none	0.00246869
none	0.00283793
none	0.00420467
none	0.00434215
none	0.00297631
none	0.00300338
none	0.0021578
none	0.00211907
none	0.00164832
none	0.00197336
none	0.00211387
none	0.00205582
none	0.00159733
none	0.00153971
none	0.00139719
none	0.00117683
none	0.00128147
none	0.00149065
none	0.00171879
none	0.00163549
none	0.00167525
none	0.00160637
none	0.0016067
none	0.00176765
none	0.0017747
none	0.00138482
none	0.00131755
none	0.00140038
none	0.00139653
none	0.00170853
none	0.00159963
none	0.00131521
none	0.00201187
none	0.00242413
none	0.0022227
none	0.00203905
none	0.00104333
none	0.00125649
none	0.00119635
none	0.00121596
none	0.00146638
none	0.00105039
none	0.00101989
none	0.00101655
none	0.00208131
none	0.000985404
none	0.00200588
none	0.00215836
none	0.00222981
none	0.00220712
none	0.00249702
none	0.00255894
none	0.0025304
none	0.00156787
none	0.00152174
none	0.00146254
none	0.00179293
none	0.00148975
none	0.00149027
none	0.00148467
none	0.0014288
none	0.00151458
none	0.00126486
none	0.00127334
none	0.00147074
none	0.00170268
none	0.00159669
none	0.0013203
none	0.00187361
none	0.00200913
none	0.00193104
none	0.00130008
none	0.00114218
none	0.0016515
none	0.00124816
none	0.00118812
none	0.00120735
none	0.00129306
none	0.00171913
none	0.00205821
none	0.00235315
none	0.00245375
none	0.00242815
none	0.0015454
none	0.00158039
none	0.00135054
none	0.00184126
none	0.00177998
none	0.00150662
none	0.00111012
none	0.00101659
none	0.000942353
none	0.000496556
none	0.000531767
none	0.00131756
none	0.00195339
none	0.00216491
none	0.00213213
none	0.00170074
none	0.00274218
none	0.0029617
none	0.00209066
none	0.00163888
none	0.00173743
none	0.0015493
none	0.00143098
none	0.00167777
none	0.0020388
none	0.00200681
none	0.00139983
none	0.00118995
none	0.00123039
none	0.00169483
none	0.00110684
none	0.00111933
none	0.00156433
none	0.00170608
none	0.00183993
none	0.00174405
none	0.00212724
none	0.00248829
none	0.00281435
none	0.00409512
none	0.00466045
none	0.00465131
none	0.00473755
none	0.00456515
none	0.00177468
none	0.00167755
none	0.0019274
none	0.00190481
none	0.00234793
none	0.00234786
none	0.00172084
none	0.00151437
none	0.00197354
none	0.00197063
none	0.00204974
none	0.0024543
none	0.00287699
none	0.00286783
none	0.000948174
none	0.001337
none	0.00140437
none	0.00218035
none	0.0020695
none	0.00212903
none	0.00201397
none	0.0015769
none	0.00163683
none	0.00136786
none	0.0023958
none	0.00213402
none	0.00224543
none	0.00290314
none	0.00218186
none	0.00192883
none	0.0016503
none	0.0014614
none	0.00149896
none	0.00122954
none	0.00121415
none	0.00182164
none	0.00169707
none	0.00160508
none	0.00158312
none	0.00129948
none	0.00134232
none	0.00141687
none	0.00146673
none	0.00133373
none	0.00164853
none	0.00178592
none	0.00101044
none	0.00101563
none	0.00103489
none	0.00100398
none	0.00202947
none	0.00206696
none	0.00176971
none	0.0012077
none	0.00206275
none	0.00174205
none	0.00117389
none	0.0014262
none	0.00137056
none	0.00140323
none	0.00112405
none	0.00200862
none	0.00232067
none	0.00154485
none	0.00220806
none	0.00233301
none	0.00244252
none	0.00122927
none	0.00172295
none	0.00118246
none	0.0018559
none	0.00136998
none	0.0013957
none	0.00117448
none	0.00206934
none	0.00182998
none	0.000768363
none	0.000686047
none	0.00124547
none	0.00194791
none	0.00154431
none	0.00163837
none	0.00188411
none	0.00147551
none	0.00126465
none	0.00116151
none	0.00132457
none	0.000994938
none	0.0016544
none	0.00177501
none	0.001048
none	0.0014672
none	0.00121474
none	0.00108193
none	0.00125967
none	0.00123957
none	0.00173224
none	0.00166465
none	0.0016086
none	0.00140831
none	0.00143459
none	0.00142717
none	0.00193457
none	0.00144319
none	0.00126551
none	0.00120441
none	0.00175367
none	0.00232231
none	0.00236608
none	0.00269659
none	0.00254768
none	0.00182145
none	0.00150027
none	0.0218011
none	0.00240225
none	0.00206371
none	0.00183379
none	0.00175887
none	0.0017537
none	0.00258277
none	0.0024746
none	0.00197992
none	0.00176438
none	0.00158997
none	0.00149237
none	0.00111676
none	0.00241375
none	0.00243647
none	0.00186257
none	0.00185122
none	0.00164128
none	0.00138731
none	0.00136842
none	0.00122943
none	0.0010892
none	0.00116147
none	0.0013466
none	0.00110167
none	0.00123254
none	0.00132944
none	0.00213077
none	0.00209615
none	0.00221034
none	0.00225162
none	0.00220778
none	0.00232685
none	0.00221075
none	0.00204564
none	0.00179901
none	0.000864537
none	0.0021125
none	0.00241912
none	0.00154152
none	0.00136308
none	0.00147216
none	0.00179108
none	0.00178147
none	0.00216993
none	0.0017807
none	0.00203164
none	0.00168294
none	0.00169166
none	0.00141377
none	0.00142819
none	0.00145026
none	0.00127245
none	0.0012216
none	0.00210795
none	0.00186193
none	0.00265918
none	0.00271201
none	0.00275618
none	0.00273842
none	0.0023391
none	0.00227788
none	0.00193054
none	0.00226042
none	0.00235303
none	0.00313446
none	0.00317452
none	0.00187021
none	0.00110205
none	0.0010981
none	0.00116928
none	0.0012307
none	0.00128303
none	0.00185369
none	0.00160734
none	0.00194867
none	0.0022051
none	0.00157367
none	0.00182093
none	0.0017588
none	0.000792829
none	0.00153475
none	0.00196324
none	0.00197262
none	0.0021088
none	0.00205371
none	0.00175753
none	0.00206875
none	0.0012617
none	0.00152106
none	0.00201764
none	0.00196647
none	0.00192791
none	0.00191857
none	0.00176721
none	0.00180217
none	0.00186437
none	0.00330498
none	0.0020309
none	0.000983298
none	0.000925343
none	0.000930149
none	0.00105094
none	0.00108563
none	0.00120988
none	0.00131575
none	0.00134867
none	0.00132378
none	0.00225069
none	0.0028339
none	0.0022119
none	0.00158787
none	0.001734
none	0.00295277
none	0.00330454
none	0.00168083
none	0.00193063
none	0.00195575
none	0.00208944
none	0.00194647
none	0.00119249
none	0.00137949
none	0.000846968
none	0.000599408
none	0.000913829
none	0.00092751
none	0.000912357
none	0.00149287
none	0.00131442
none	0.00142991
none	0.00146971
none	0.00154707
none	0.00147114
none	0.00139651
none	0.0013144
none	0.00120293
none	0.00137358
none	0.00147174
none	0.00177591
none	0.00147934
none	0.00156184
none	0.00112921
none	0.00184126
none	0.00205058
none	0.00135022
none	0.00204746
none	0.001822
none	0.00188584
none	0.000987921
none	0.00135853
none	0.0017099
none	0.00156406
none	0.0011545
none	0.0011018
none	0.00198748
none	0.00209842
none	0.00155802
none	0.00144863
none	0.0011964
none	0.00167119
none	0.00180738
none	0.00192308
none	0.00195346
none	0.0014021
none	0.000839234
none	0.00130152
none	0.00210725
none	0.00212579
none	0.0020531
none	0.00183016
none	0.00146874
none	0.00170617
none	0.00135305
none	0.00224044
none	0.00239846
none	0.00117663
none	0.00110804
none	0.00114898
none	0.00162841
none	0.00320656
none	0.00175756
none	0.00207622
none	0.00219948
none	0.00153753
none	0.00183666
none	0.000635605
none	0.000470105
none	0.00174147
none	0.00296454
none	0.00306589
none	0.00211554
none	0.0028187
none	0.00169001
none	0.00159191
none	0.00151473
none	0.00151817
none	0.00178222
none	0.00266581
none	0.00236709
none	0.00228733
none	0.00142338
none	0.00176151
none	0.00195819
none	0.00177245
none	0.00273299
none	0.000888201
none	0.00228963
none	0.00203377
none	0.00178973
none	0.00278261
none	0.00175177
none	0.0019606
none	0.00203984
none	0.00192308
none	0.00170211
none	0.00124776
none	0.00120457
none	0.00127008
none	0.00120275
none	0.00120718
none	0.00152357
none	0.00180342
none	0.0015655
none	0.00116538
none	0.00237385
none	0.00257385
none	0.00251238
none	0.00251956
none	0.00209468
none	0.001757
none	0.00179063
none	0.00283162
none	0.00284133
none	0.00292714
none	0.00255612
none	0.00242399
none	0.00253798
none	0.00213469
none	0.00169576
none	0.00148963
none	0.00164565
none	0.00190564
none	0.00214751
none	0.000830275
none	0.00170447
none	0.00241971
none	0.00213382
none	0.00204841
none	0.00214038
none	0.00212585
none	0.00106043
none	0.0012279
none	0.00119843
none	0.00112603
none	0.0016387
none	0.0015861
none	0.00162805
none	0.00134868
none	0.00109518
none	0.00126329
none	0.00123488
none	0.00125156
none	0.00112635
none	0.00108242
none	0.00146951
none	0.00118424
none	0.00136553
none	0.00150861
none	0.00217794
none	0.00175907
none	0.00195909
none	0.00190238
none	0.00141296
none	0.00133495
none	0.00177002
none	0.00193495
none	0.00209891
none	0.00219165
none	0.00330851
none	0.00174644
none	0.00180943
none	0.00189503
none	0.00126347
none	0.00267262
none	0.00235336
none	0.00147447
none	0.00157268
none	0.00252345
none	0.00144754
none	0.00219641
none	0.00210237
none	0.00149108
none	0.00178411
none	0.00173696
none	0.00189973
none	0.00170108
none	0.00151931
none	0.00153182
none	0.00134087
none	0.00134335
none	0.00130186
none	0.00213014
none	0.00219413
none	0.00256515
none	0.00245043
none	0.00153329
none	0.00162701
none	0.00197259
none	0.00199159
none	0.00192155
none	0.00158519
none	0.00144437
none	0.00133774
none	0.00128326
none	0.00100655
none	0.000765732
none	0.00123186
none	0.00173563
none	0.00150756
none	0.00123069
none	0.00157992
none	0.00195853
none	0.00111748
none	0.00147088
none	0.00282794
none	0.00272243
none	0.00206506
none	0.00211589
none	0.00187264
none	0.00201218
none	0.00241571
none	0.00246723
none	0.00290778
none	0.0017915
none	0.00131744
none	0.00126089
none	0.0011602
none	0.00164633
none	0.00133112
none	0.00152073
none	0.00173371
none	0.00205608
none	0.0016311
none	0.00157043
none	0.00125263
none	0.00108775
none	0.00104774
none	0.00101158
none	0.00106983
none	0.00103997
none	0.00103244
none	0.00159536
none	0.0021785
none	0.00236229
none	0.00159883
none	0.00159084
none	0.00174373
none	0.00133693
none	0.00121682
none	0.00125612
none	0.00113498
none	0.0016928
none	0.00149652
none	0.00152187
none	0.00124453
none	0.00137374
none	0.00123042
none	0.000971845
none	0.00125559
none	0.00115726
none	0.00186298
none	0.00122416
none	0.00134972
none	0.00117061
none	0.00137152
none	0.00241744
none	0.00144554
none	0.00121296
none	0.00147314
none	0.00154115
none	0.0018261
none	0.00131548
none	0.0014108
none	0.00155536
none	0.00170683
none	0.000936188
none	0.00176893
none	0.00172766
none	0.00138719
none	0.00131883
none	0.00182566
none	0.00308479
none	0.00202197
none	0.00223977
none	0.00118237
none	0.00152193
none	0.00132521
none	0.00149328
none	0.00225412
none	0.00173558
none	0.00148718
none	0.00199287
none	0.00174234
none	0.00158912
none	0.00140989
none	0.00218738
none	0.00193679
none	0.00209075
none	0.00226866
none	0.00241984
none	0.00227836
none	0.00134523
none	0.0015161
none	0.00149838
none	0.00383961
none	0.00397165
none	0.00226295
none	0.00159268
none	0.00173278
none	0.0017513
none	0.00251605
none	0.00269852
none	0.000819108
none	0.0035778
none	0.00164594
none	0.00197342
none	0.00231011
none	0.00209533
none	0.00154059
none	0.00207413
none	0.00147774
none	0.00125291
none	0.00129487
none	0.00123814
none	0.00104955
none	0.00130667
none	0.00110757
none	0.00133664
none	0.00145872
none	0.00142773
none	0.00149438
none	0.00174902
none	0.00176488
none	0.0014633
none	0.00166345
none	0.00188381
none	0.00231671
none	0.0017589
none	0.00183172
none	0.00175833
none	0.00178854
none	0.000873801
none	0.00119096
none	0.00202847
none	0.0017043
none	0.000742068
none	0.000463875
none	0.000566551
none	0.000722875
none	0.00142688
none	0.00148506
none	0.00121609
none	0.00152993
none	0.00150919
none	0.00133838
none	0.00135329
none	0.00135064
none	0.00129072
none	0.000979197
none	0.00175465
none	0.0016964
none	0.00159388
none	0.00142711
none	0.00178513
none	0.00189366
none	0.00183321
none	0.00177625
none	0.00161355
none	0.00135999
none	0.00205473
none	0.00204017
none	0.00148038
none	0.00142537
none	0.00257323
none	0.00141013
none	0.00151286
none	0.0014103
none	0.00136209
none	0.00135924
none	0.00154343
none	0.00154971
none	0.00250357
none	0.00239751
none	0.00235561
none	0.00158825
none	0.00158634
none	0.00152529
none	0.0014545
none	0.00099711
none	0.00102583
none	0.00128481
none	0.0018555
none	0.00247277
none	0.00245144
none	0.00254955
none	0.00255802
none	0.00200735
none	0.00220422
none	0.00215482
none	0.00202186
none	0.00181177
none	0.0015989
none	0.00172743
none	0.00119003
none	0.00163194
none	0.00202719
none	0.00172719
none	0.00164706
none	0.00150298
none	0.00175298
none	0.00171163
none	0.00156502
none	0.00134972
none	0.00139459
none	0.00104893
none	0.00148791
none	0.00219576
none	0.00213107
none	0.00128931
none	0.00178087
none	0.00190858
none	0.00230019
none	0.0021038
none	0.00196467
none	0.00152322
none	0.00132949
none	0.00180687
none	0.0015832
none	0.00191606
none	0.00252396
none	0.00265233
none	0.00183728
none	0.00180351
none	0.00188233
none	0.0017554
none	0.00151033
none	0.00164819
none	0.00154657
none	0.00149597
none	0.00124962
none	0.00132271
none	0.00136283
none	0.00138786
none	0.00112066
none	0.000776819
none	0.000761083
none	0.00107903
none	0.00117226
none	0.00144211
none	0.00132265
none	0.00155771
none	0.00180701
none	0.00133019
none	0.00157637
none	0.00141272
none	0.00160768
none	0.00208641
none	0.00222112
none	0.00174223
none	0.00283594
none	0.00231309
none	0.00192322
none	0.0019799
none	0.00284702
none	0.00291924
none	0.00212131
none	0.00188013
none	0.0017153
none	0.00176375
none	0.00105883
none	0.00119289
none	0.0013013
none	0.00127372
none	0.00133861
none	0.00151498
none	0.00150265
none	0.00161589
none	0.00137145
none	0.00180782
none	0.00150621
none	0.00156418
none	0.00159672
none	0.00170744
none	0.00137642
none	0.00174674
none	0.00148048
none	0.00190894
none	0.00230712
none	0.00196411
none	0.00164767
none	0.00165582
none	0.00159682
none	0.00201174
none	0.00198527
none	0.00161624
none	0.00196419
none	0.00163661
none	0.00094339
none	0.00100725
none	0.00198368
none	0.00189254
none	0.00182481
none	0.00186252
none	0.00159878
none	0.00148587
none	0.00124202
none	0.00171402
none	0.00183644
none	0.00175086
none	0.00179216
none	0.00157977
none	0.00172281
none	0.00173682
none	0.00187739
none	0.00161794
none	0.00101685
none	0.00238162
none	0.00193069
none	0.0015454
none	0.00108402
none	0.00141492
none	0.00143698
none	0.00150381
none	0.00176687
none	0.00193713
none	0.00218242
none	0.00206907
none	0.00171165
none	0.00193037
none	0.00109368
none	0.00130114
none	0.00157097
none	0.00260552
none	0.00265559
none	0.00256134
none	0.00256322
none	0.00222851
none	0.00225639
none	0.00242151
none	0.00173859
none	0.00172698
none	0.00159332
none	0.00150123
none	0.00124195
none	0.00120267
none	0.00161358
none	0.00150332
none	0.00164582
none	0.00163412
none	0.00158631
none	0.00157742
none	0.00177528
none	0.000960708
none	0.00100296
none	0.00104079
none	0.000990601
none	0.00101176
none	0.00101175
none	0.000786696
none	0.00168354
none	0.00181744
none	0.0022065
none	0.00100231
none	0.000971444
none	0.000926988
none	0.00117991
none	0.00110751
none	0.00105929
none	0.00139516
none	0.00273931
none	0.00161389
none	0.00248927
none	0.00240394
none	0.00183406
none	0.00179302
none	0.00153586
none	0.00119072
none	0.00133743
none	0.00124086
none	0.00166416
none	0.00202465
none	0.00231412
none	0.00235699
none	0.00206245
none	0.00150179
none	0.00154892
none	0.00160338
none	0.00157945
none	0.00134425
none	0.00175394
none	0.00134048
none	0.000964636
none	0.00226725
none	0.00210687
none	0.00189813
none	0.00138436
none	0.0014226
none	0.00169987
none	0.00161331
none	0.00145017
none	0.00124137
none	0.000822953
none	0.00067464
none	0.00109515
none	0.00137334
none	0.00127142
none	0.00155306
none	0.0014172
none	0.00133684
none	0.00122782
none	0.00172037
none	0.00162899
none	0.00191062
none	0.00211712
none	0.00188587
none	0.00206618
none	0.00114591
none	0.00110829
none	0.0015877
none	0.00156151
none	0.00176056
none	0.00159548
none	0.00153314
none	0.00162925
none	0.00145072
none	0.00150974
none	0.00170874
none	0.00198041
none	0.0019851
none	0.00126159
none	0.0014897
none	0.00152799
none	0.00138114
none	0.00305319
none	0.00190886
none	0.00387029
none	0.00119897
none	0.00194914
none	0.0026313
none	0.00132277
none	0.000970781
none	0.000555216
